[
	
        {
		"name": "cookieclicker2052",
		"root": "cookie-clicker-beta",
		"file": "index.html",
		"img": "img/perfectCookie.png"
	},
	{
		"name": "cookieclicker2049",
		"root": "cookieclicker2049",
		"file": "index.html",
		"img": "img/perfectCookie.png"
	}, 
	{
		"name": "cookieclicker2047",
		"root": "cookieclicker2047",
		"file": "index.html",
		"img": "img/perfectCookie.png"
	},
	{
		"name": "cookieclicker2021",
		"root": "cookieclicker2021",
		"file": "index.html",
		"img": "img/perfectCookie.png"
	},
        {
		"name": "cookieclicker2019",
		"root": "cookieclicker2019",
		"file": "index.html",
		"img": "img/perfectCookie.png"
	},
        {
		"name": "cookieclicker200252",
		"root": "cookieclicker200252",
		"file": "index.html",
		"img": "img/perfectCookie.png"
	},
        {
		"name": "cookieclicker2002",
		"root": "cookieclicker2002",
		"file": "index.html",
		"img": "img/perfectCookie.png"
	},
	{
		"name": "cookieclicker10511",
		"root": "cookieclicker10511",
		"file": "index.html",
		"img": "img/perfectCookie.png"
	},
	{
		"name": "cookieclickerv1021",
		"root": "cookieclickerv1021",
		"file": "index.html",
		"img": "img/perfectCookie.png"
	},
	{
		"name": "cookieclickerv1037",
		"root": "cookieclickerv1037",
		"file": "index.html",
		"img": "img/perfectCookie.png"
	},
	{
		"name": "run4bootleg",
		"root": "run4bootleg",
		"file": "index.html",
		"img": "55favicon.ico"
	},
	{
		"name": "runner",
		"root": "runner",
		"file": "index.html",
		"img": "loading3860.png"
	},
	{
		"name": "idledices",
		"root": "idledices",
		"file": "index.html",
		"img": "images/icon32.png"
	},
	{
		"name": "snowrider3d",
		"root": "snowrider3d",
		"file": "index.html",
		"img": "images/logo.png"
	},
	{
		"name": "run 3 (adobe flash required)",
		"root": "legacyflashgames",
		"file": "run3flash/run3.swf",
		"img": "meta/apple-touch-icon.png"
	},
	{
		"name": "mctd2 (adobe flash required)",
		"root": "legacyflashgames",
		"file": "minecraft-tower-defence-2/minecraft-tower-defence-2.swf",
		"img": "meta/apple-touch-icon.png"
	},
	{
		"name": "flash golf 2001 (adobe flash required)",
		"root": "legacyflashgames",
		"file": "flashgolf_2001.swf",
		"img": "meta/apple-touch-icon.png"
	},
	{
		"name": "binding of issac (adobe flash required)",
		"root": "legacyflashgames",
		"file": "bindingofissac/tboi.swf",
		"img": "meta/apple-touch-icon.png"
	},
	{
		"name": "monkeymart",
		"root": "mart",
		"file": "Monkey Marr.html",
		"img": "meta/apple-touch-icon.png"
	},
	{
		"name": "swarmsimulator",
		"root": "swarmsimulator",
		"file": "Swarm Simulator.html",
		"img": "meta/apple-touch-icon.png"
	},
	{
		"name": "idledice",
		"root": "idledice",
		"file": "Idle Dice.html",
		"img": "meta/apple-touch-icon.png"
	},
	{
		"name": "particleclicker",
		"root": "particleclicker",
		"file": "particle clicker OG.html",
		"img": "meta/--icon.png"
	},
	{
		"name": "1",
		"root": "1",
		"file": "index.html",
		"img": "meta/apple-touch-icon.png"
	},
	{
		"name": "10 Minutes till dawn",
		"root": "10-minutes-till-dawn",
		"file": "index.html",
		"img": "splash.png"
	},
	{
		"name": "100 Player Pong",
		"root": "100ng",
		"file": "index.html",
		"img": "100ng.jpg"
	},
	{
		"name": "1v1.lol",
		"root": "1v1lol",
		"file": "index.html",
		"img": "splash.png"
	},
	{
		"name": "1v1.space",
		"root": "1v1space",
		"file": "index.html",
		"img": "splash.png"
	},
	{
		"name": "2048",
		"root": "2048",
		"file": "index.html",
		"img": "thumb.png"
	},
	{
		"name": "2048 Multitask",
		"root": "2048-multitask",
		"file": "index.html",
		"img": "splash.png"
	},
	{
		"name": "9007199254740992",
		"root": "9007199254740992",
		"file": "index.html",
		"img": "logo-4.png"
	},
	{
		"name": "99balls",
		"root": "99balls",
		"file": "index.html",
		"img": "99-balls-evo.jpg"
	},
	{
		"name": "A Dance of Fire and Ice",
		"root": "a-dance-of-fire-and-ice",
		"file": "index.html",
		"img": "splash.png"
	},
	{
		"name": "A Dark Room",
		"root": "adarkroom",
		"file": "index.html",
		"img": "splash.png"
	},
	{
		"name": "Achievement Unlocked",
		"root": "achievementunlocked",
		"file": "index.html",
		"img": "achievementunlocked.png"
	},
	{
		"name": "Adrenaline Challenge",
		"root": "adrenalinechallenge",
		"file": "index.html",
		"img": "adrenalinechallenge.jpg"
	},
	{
		"name": "Adventure Drivers",
		"root": "adventure-drivers",
		"file": "index.html",
		"img": "splash.png"
	},
	{
		"name": "Age of Conflict",
		"root": "ages-of-conflict",
		"file": "index.html",
		"img": "splash.jpg"
	},
	{
		"name": "Alien Hominid",
		"root": "alienhominid",
		"file": "index.html",
		"img": "alienhominid.jpg"
	},
	{
		"name": "Amazing rope police",
		"root": "amazing-rope-police",
		"file": "index.html",
		"img": "splash.jpeg"
	},
	{
		"name": "Amidst the Clouds",
		"root": "amidst-the-clouds",
		"file": "index.html",
		"img": "splash.png"
	},
	{
		"name": "Among Us",
		"root": "among-us",
		"file": "index.html",
		"img": "red.png"
	},
	{
		"name": "Angry Sharks",
		"root": "angry-sharks",
		"file": "index.html",
		"img": "assets/favicon/icon-512x512.png"
	},
	{
		"name": "Aquapark slides",
		"root": "aquapark-slides",
		"file": "index.html",
		"img": "splash.png"
	},
	{
		"name": "Astray",
		"root": "astray",
		"file": "index.html",
		"img": "splash.png"
	},
	{
		"name": "Avalanche",
		"root": "avalanche",
		"file": "index.html",
		"img": "avalanche.png"
	},
	{
		"name": "Awesome Tanks 2",
		"root": "awesometanks2",
		"file": "index.html",
		"img": "awesometanks2.jpg"
	},
	{
		"name": "Backrooms",
		"root": "backrooms",
		"file": "index.html",
		"img": "img/splash.jpg"
	},
	{
		"name": "Backrooms 2d",
		"root": "backrooms2d",
		"file": "backrooms2d.html",
		"img": "BF18A6F3-4A1B-4AF7-B383-B9A359A1DBDF.jpeg"
	},
	{
		"name": "Bacon May Die",
		"root": "bacon-may-die",
		"file": "index.html",
		"img": "splash.png"
	},
	{
		"name": "Bad Ice Cream",
		"root": "bad-ice-cream",
		"file": "index.html",
		"img": "bad-ice-cream.png"
	},
	{
		"name": "Bad Ice Cream 2",
		"root": "bad-ice-cream-2",
		"file": "index.html",
		"img": "bad-ice-cream-2.png"
	},
	{
		"name": "Bad Ice Cream 3",
		"root": "bad-ice-cream-3",
		"file": "index.html",
		"img": "bad-ice-cream-3.png"
	},
	{
		"name": "Baldi's Basics",
		"root": "baldis-basics",
		"file": "index.html",
		"img": "splash.png"
	},
	{
		"name": "Ball Dodge",
		"root": "balldodge",
		"file": "balldodge.html",
		"img": "2BD297A6-93B9-40CF-9735-70B50A9BADF6.jpeg"
	},
	{
		"name": "Ballistic Chickens",
		"root": "ballistic-chickens",
		"file": "index.html",
		"img": "logo.png"
	},
	{
		"name": "Basket Random",
		"root": "basket-random",
		"file": "index.html",
		"img": "splash.jpeg"
	},
	{
		"name": "Basketball Stars",
		"root": "basketball-stars",
		"file": "index.html",
		"img": "assets/images/basketball-stars.png"
	},
	{
		"name": "Basketbros.io",
		"root": "basketbros-io",
		"file": "index.html",
		"img": "thumb.jpg"
	},
	{
		"name": "Battle for Gondor",
		"root": "battleforgondor",
		"file": "index.html",
		"img": "battleforgondor.JPG"
	},
	{
		"name": "Big NEON Tower Tiny Square",
		"root": "bntts",
		"file": "index.html",
		"img": "icons/icon-256.png"
	},
	{
		"name": "Big Red Button",
		"root": "bigredbutton",
		"file": "index.html",
		"img": "bigredbutton.png"
	},
	{
		"name": "Big Tower Tiny Square",
		"root": "btts",
		"file": "index.html",
		"img": "images.png"
	},
	{
		"name": "Bitlife",
		"root": "bitlife",
		"file": "index.html",
		"img": "logo.png"
	},
	{
		"name": "Black Hole Square",
		"root": "blacholesquare",
		"file": "index.html",
		"img": "icon.png"
	},
	{
		"name": "Black Knight",
		"root": "blackknight",
		"file": "index.html",
		"img": "blackknight.png"
	},
	{
		"name": "Bloons TD",
		"root": "bloonstd",
		"file": "index.html",
		"img": "bloonstd.jpg"
	},
	{
		"name": "Bloons TD 2",
		"root": "bloonstd2",
		"file": "index.html",
		"img": "bloonstd2.png"
	},
	{
		"name": "Bloons TD 5",
		"root": "btd5",
		"file": "index.html",
		"img": "BT5_Deluxe_logo.png"
	},
	{
		"name": "Bloxors",
		"root": "bloxors",
		"file": "index.html",
		"img": "block.png"
	},
	{
		"name": "Bob the Robber 2",
		"root": "bobtherobber2",
		"file": "index.html",
		"img": "splash.jpeg"
	},
	{
		"name": "Bonk.io",
		"root": "bonkio",
		"file": "bonkio.html",
		"img": "image.png"
	},
	{
		"name": "Box Head",
		"root": "boxhead2play",
		"file": "index.html",
		"img": "boxhead2play.jpg"
	},
	{
		"name": "Boxing Random",
		"root": "boxing-random",
		"file": "index.html",
		"img": "512x512.jpg"
	},
	{
		"name": "Breaking the Bank",
		"root": "breakingthebank",
		"file": "index.html",
		"img": "breakingthebank.png"
	},
	{
		"name": "Burger and Frights",
		"root": "burger-and-frights",
		"file": "index.html",
		"img": "splash.png"
	},
	{
		"name": "CMM Client",
		"root": "CMM Client",
		"file": "CMM Client.html",
		"img": "EC4B216C-B637-41A3-A3D9-79D4048DD7A3.jpeg"
	},
	{
		"name": "CS:GO Clicker",
		"root": "csgo-clicker",
		"file": "index.html",
		"img": "images/vanguard.png"
	},
	{
		"name": "Cannon Basketball 4",
		"root": "cannon-basketball-4",
		"file": "index.html",
		"img": "img/splash.png"
	},
	{
		"name": "Canyon Defense",
		"root": "canyondefense",
		"file": "index.html",
		"img": "canyondefense.png"
	},
	{
		"name": "Cars Simulator",
		"root": "cars-simulator",
		"file": "index.html",
		"img": "splash.png"
	},
	{
		"name": "Cell Machine",
		"root": "cell-machine",
		"file": "index.html",
		"img": "img/te9nDu.png"
	},
	{
		"name": "Champion Archer",
		"root": "championarcher",
		"file": "index.html",
		"img": "championarcher.png"
	},
	{
		"name": "Champion Island",
		"root": "champion-island",
		"file": "index.html",
		"img": "splash.png"
	},
	{
		"name": "Chess",
		"root": "chess",
		"file": "chess.html",
		"img": "84391856-3910-4B44-AF7E-ACF1056658C2.jpeg"
	},
	{
		"name": "Chill Radio",
		"root": "chill-radio",
		"file": "index.html",
		"img": "img/icon.png"
	},
	{
		"name": "Chrome Dino",
		"root": "chrome-dino",
		"file": "index.html",
		"img": "icons/icon-256.png"
	},
	{
		"name": "Cluster Rush",
		"root": "cluster-rush",
		"file": "index.html",
		"img": "splash.png"
	},
	{
		"name": "Connect 3",
		"root": "connect3",
		"file": "index.html",
		"img": "connect3.png"
	},
	{
		"name": "Cookie Clicker",
		"root": "cookie-clicker",
		"file": "index.html",
		"img": "cookie1.jpeg"
	},
	{
		"name": "Core Ball",
		"root": "core-ball",
		"file": "index.html",
		"img": "pr_source.png"
	},
	{
		"name": "CraftMine",
		"root": "craftmine",
		"file": "index.html",
		"img": "images/craftmine.png"
	},
	{
		"name": "Creative Kill Chamber",
		"root": "creativekillchamber",
		"file": "index.html",
		"img": "creativekillchamber.jpg"
	},
	{
		"name": "Crossy Road",
		"root": "crossyroad",
		"file": "index.html",
		"img": "crossyroad.png"
	},
	{
		"name": "Cubefield",
		"root": "cubefield",
		"file": "index.html",
		"img": "assets/unnamed.png"
	},
	{
		"name": "Cupcake 2048",
		"root": "cupcake2048",
		"file": "index.html",
		"img": "favicon.png"
	},
	{
		"name": "Cut the Rope",
		"root": "ctr",
		"file": "index.html",
		"img": "logo.png"
	},
	{
		"name": "Cut the Rope Holiday",
		"root": "ctr-holiday",
		"file": "index.html",
		"img": "Holiday_Gift.webp"
	},
	{
		"name": "Cut the Rope Time Travel",
		"root": "ctr-tr",
		"file": "index.html",
		"img": "logo.png"
	},
	{
		"name": "Dante",
		"root": "dante",
		"file": "index.html",
		"img": "splash.png"
	},
	{
		"name": "Deal or No Deal",
		"root": "deal-or-no-deal",
		"file": "index.html",
		"img": "index.jpg"
	},
	{
		"name": "Death Run 3D",
		"root": "death-run-3d",
		"file": "index.html",
		"img": "img/death.png"
	},
	{
		"name": "Deepest Sword",
		"root": "deepest-sword",
		"file": "index.html",
		"img": "splash.jpg"
	},
	{
		"name": "Defend the Tank",
		"root": "defend-the-tank",
		"file": "index.html",
		"img": "images/splash.jpg"
	},
	{
		"name": "Doctor Acorn 2",
		"root": "doctor-acorn2",
		"file": "index.html",
		"img": "splash.jpg"
	},
	{
		"name": "Dodge",
		"root": "dodge",
		"file": "dodge.html",
		"img": "CEB64188-C91B-4FEE-95C1-3ACF6A8CA009.jpeg"
	},
	{
		"name": "Doge 2048",
		"root": "doge2048",
		"file": "index.html",
		"img": "meta/apple-touch-icon.png"
	},
	{
		"name": "DogeMiner",
		"root": "DogeMiner",
		"file": "index.html",
		"img": "img/dogeminer_300x300.png"
	},
	{
		"name": "DogeMiner 2",
		"root": "Dogeminer2",
		"file": "index.html",
		"img": "thumb.jpg"
	},
	{
		"name": "Doodle Jump",
		"root": "doodle-jump",
		"file": "index.html",
		"img": "doodle.png"
	},
	{
		"name": "Doom",
		"root": "doom",
		"file": "doom.html",
		"img": "0B894474-D070-4E9C-B1C1-6908E344DA28.jpeg"
	},
	{
		"name": "Doomori",
		"root": "DOOMORI",
		"file": "index.html",
		"img": "splash.png"
	},
	{
		"name": "Double Wires",
		"root": "doublewires",
		"file": "index.html",
		"img": "doublewires.png"
	},
	{
		"name": "Dragons vs Bricks",
		"root": "dragon-vs-bricks",
		"file": "index.html",
		"img": "icon.jpg"
	},
	{
		"name": "Draw the Hill",
		"root": "draw-the-hill",
		"file": "index.html",
		"img": "icons/icon-512.png"
	},
	{
		"name": "Drift Hunters",
		"root": "drift-hunters",
		"file": "index.html",
		"img": "drift-hunters.png"
	},
	{
		"name": "Drive Mad",
		"root": "drive-mad",
		"file": "index.html",
		"img": "logo.jpg"
	},
	{
		"name": "Duck Life",
		"root": "ducklife1",
		"file": "index.html",
		"img": "ducklife.png"
	},
	{
		"name": "Duck Life 2",
		"root": "ducklife2",
		"file": "index.html",
		"img": "ducklife2.png"
	},
	{
		"name": "Duck Life 3",
		"root": "ducklife3",
		"file": "index.html",
		"img": "duck.png"
	},
	{
		"name": "Duck Life 4",
		"root": "ducklife4",
		"file": "index.html",
		"img": "splash.jpg"
	},
	{
		"name": "Duke Nukem 2",
		"root": "duke-nukem-2",
		"file": "index.html",
		"img": "splash.jpg"
	},
	{
		"name": "Dumb Ways to Die",
		"root": "dumbwaystodie",
		"file": "dumbwaystodie.html",
		"img": "image.png"
	},
	{
		"name": "Eaglercraft 1.5",
		"root": "minecraft-15",
		"file": "index.html",
		"img": "splash.jpeg"
	},
	{
		"name": "Eaglercraft 1.8",
		"root": "minecraft-18",
		"file": "index.html",
		"img": "splash.png"
	},
	{
		"name": "Edge Let's surf",
		"root": "edge-surf",
		"file": "index.html",
		"img": "splash.png"
	},
	{
		"name": "Edge Not Found",
		"root": "edgenotfound",
		"file": "index.html",
		"img": "edge.png"
	},
	{
		"name": "Eel Slap",
		"root": "eel-slap",
		"file": "index.html",
		"img": "eel-slap.png"
	},
	{
		"name": "Eggycar",
		"root": "eggycar",
		"file": "index.html",
		"img": "favicon.ico"
	},
	{
		"name": "Elastic Man",
		"root": "elasticman",
		"file": "index.html",
		"img": "elasticman.jpg"
	},
	{
		"name": "Endless War 3",
		"root": "endlesswar3",
		"file": "index.html",
		"img": "endlesswar3.png"
	},
	{
		"name": "Escaping The Prison",
		"root": "escapingtheprison",
		"file": "index.html",
		"img": "escapingtheprison.jpg"
	},
	{
		"name": "Evil Glitch",
		"root": "evil-glitch",
		"file": "index.html",
		"img": "evil.png"
	},
	{
		"name": "Evolution",
		"root": "evolution",
		"file": "index.html",
		"img": "splash.png"
	},
	{
		"name": "Exo",
		"root": "exo",
		"file": "index.html",
		"img": "img/small.jpg"
	},
	{
		"name": "Factory Balls Forever",
		"root": "factoryballs",
		"file": "index.html",
		"img": "images/splash.png"
	},
	{
		"name": "Fair Squares",
		"root": "fairsquares",
		"file": "index.html",
		"img": "index.apple-touch-icon.png"
	},
	{
		"name": "Fake Virus",
		"root": "fake-virus",
		"file": "index.html",
		"img": "icon.png"
	},
	{
		"name": "Fancy Pants Adventures",
		"root": "fancypantsadventures",
		"file": "index.html",
		"img": "fancypantsadventure.png"
	},
	{
		"name": "Fantasy Dash",
		"root": "fantasy-dash",
		"file": "Fantasy Dash.html",
		"img": "DF24D85A-B7B5-4CF0-8194-DB6CD89C6975.jpeg"
	},
	{
		"name": "Fireboy and Watergirl",
		"root": "fireboywatergirlforesttemple",
		"file": "index.html",
		"img": "logo.jpeg"
	},
	{
		"name": "Five Nights at Winston's",
		"root": "fnaw",
		"file": "index.html",
		"img": "splash.png"
	},
	{
		"name": "Flappy 2048",
		"root": "flappy-2048",
		"file": "index.html",
		"img": "meta/apple-touch-icon.png"
	},
	{
		"name": "Flappy Bird",
		"root": "flappy-bird",
		"file": "index.html",
		"img": "assets/thumb.png"
	},
	{
		"name": "Flappy Plane",
		"root": "flappy plane",
		"file": "Flappy Plane.html",
		"img": "E3A4179E-B8E4-4358-BDAD-45AA7637D4D7.jpeg"
	},
	{
		"name": "Flash Tetris",
		"root": "flashtetris",
		"file": "index.html",
		"img": "flashtetris.png"
	},
	{
		"name": "Fleeing The Complex",
		"root": "fleeingthecomplex",
		"file": "index.html",
		"img": "a.png"
	},
	{
		"name": "Flippy Fish",
		"root": "flippy-fish",
		"file": "index.html",
		"img": "2022_10_28_0jt_Kleki.png"
	},
	{
		"name": "Friday Night Funkin'",
		"root": "fridaynightfunkin",
		"file": "index.html",
		"img": "fnf-icon.jpg"
	},
	{
		"name": "Froggy's Battle",
		"root": "froggys-battle",
		"file": "index.html",
		"img": "splash.png"
	},
	{
		"name": "Fruit Ninja",
		"root": "fruitninja",
		"file": "index.html",
		"img": "FruitNinjaTeaser.jpg"
	},
	{
		"name": "Frying Nemo",
		"root": "frying-nemo",
		"file": "index.html",
		"img": "splash.png"
	},
	{
		"name": "GOODNIGHT",
		"root": "goodnight",
		"file": "index.html",
		"img": "goodnight.jpg"
	},
	{
		"name": "Game Inside a Game Inside a Game...",
		"root": "game-inside",
		"file": "index.html",
		"img": "img/display.png"
	},
	{
		"name": "Generic Fishing Game",
		"root": "generic-fishing-game",
		"file": "index.html",
		"img": "splash.png"
	},
	{
		"name": "Geometry Dash (Scratch)",
		"root": "geodash",
		"file": "index.html",
		"img": "geoscratchicon.png"
	},
	{
		"name": "Geometry Dash Lite",
		"root": "geodashlite",
		"file": "geodashlite.html",
		"img": "geodashlite.png"
	},
	{
		"name": "George and the Printer",
		"root": "georgeandtheprinter",
		"file": "index.html",
		"img": "img/SnDTEn.png"
	},
	{
		"name": "Getaway Shootout",
		"root": "getaway-shootout",
		"file": "index.html",
		"img": "img/images.jpg"
	},
	{
		"name": "Gimme the Airpod",
		"root": "gimme-the-airpod",
		"file": "index.html",
		"img": "img/logo.png"
	},
	{
		"name": "Glass City",
		"root": "glass-city",
		"file": "index.html",
		"img": "image.png"
	},
	{
		"name": "Go Ball",
		"root": "go-ball",
		"file": "index.html",
		"img": "game.jpg"
	},
	{
		"name": "Google Feud",
		"root": "google-feud",
		"file": "index.html",
		"img": "splash.png"
	},
	{
		"name": "Google Snake",
		"root": "google-snake",
		"file": "index.html",
		"img": "img/snake.png"
	},
	{
		"name": "Gravity Soccer",
		"root": "gravity-soccer",
		"file": "index.html",
		"img": "splash.png"
	},
	{
		"name": "Grey Box Testing",
		"root": "greybox",
		"file": "index.html",
		"img": "ico.png"
	},
	{
		"name": "Grind Craft",
		"root": "grindcraft",
		"file": "index.html",
		"img": "img/splash.png"
	},
	{
		"name": "Hacker Typer",
		"root": "hackertype",
		"file": "index.html",
		"img": "logo192.png"
	},
	{
		"name": "Handshakes",
		"root": "handshakes",
		"file": "index.html",
		"img": "splaher.png"
	},
	{
		"name": "Happy Hop",
		"root": "happy-hop",
		"file": "index.html",
		"img": "splash.png"
	},
	{
		"name": "Happy Wheels",
		"root": "happywheels",
		"file": "index.html",
		"img": "b.png"
	},
	{
		"name": "Helicopter",
		"root": "helicopter",
		"file": "index.html",
		"img": "helicopter.png"
	},
	{
		"name": "Hex Empire",
		"root": "hexempire",
		"file": "index.html",
		"img": "hexempire.jpg"
	},
	{
		"name": "HexGL",
		"root": "HexGL",
		"file": "index.html",
		"img": "Hexgl-image-1.jpg"
	},
	{
		"name": "Hextris",
		"root": "hextris",
		"file": "index.html",
		"img": "images/hextris-logo.png"
	},
	{
		"name": "Hill Climb Racing (Scratch)",
		"root": "hill-climb-racing",
		"file": "index.html",
		"img": "splash.jpeg"
	},
	{
		"name": "Hover Bot Arena",
		"root": "hba",
		"file": "index.html",
		"img": "hoverbotarena.JPG"
	},
	{
		"name": "Hungry Lamu",
		"root": "hungry-lamu",
		"file": "index.html",
		"img": "splash.png"
	},
	{
		"name": "Ice Age Baby",
		"root": "iceagebaby",
		"file": "index.html",
		"img": "thumb.png"
	},
	{
		"name": "Ice Age Baby 2",
		"root": "iceagebaby2",
		"file": "index.html",
		"img": "pinky.jpg"
	},
	{
		"name": "Idle Breakout",
		"root": "idle-breakout",
		"file": "index.html",
		"img": "img/thumbnail.png"
	},
	{
		"name": "Idle Shark",
		"root": "idle-shark",
		"file": "index.html",
		"img": "img/sharkgame.png"
	},
	{
		"name": "Impossible Quiz",
		"root": "impossiblequiz",
		"file": "index.html",
		"img": "impossiblequiz.png"
	},
	{
		"name": "Interactive Buddy",
		"root": "interactivebuddy",
		"file": "index.html",
		"img": "interactivebuddy.jpg"
	},
	{
		"name": "Iron Dash",
		"root": "iron dash",
		"file": "Iron Dash.html",
		"img": "9FF39FCC-64B1-491C-97FC-A34357F9583A.jpeg"
	},
	{
		"name": "Jetpack Joyride",
		"root": "jetpack-joyride",
		"file": "index.html",
		"img": "splash.jpg"
	},
	{
		"name": "Just One Boss",
		"root": "just-one-boss",
		"file": "index.html",
		"img": "pv1Gr5.png"
	},
	{
		"name": "JustFall.lol",
		"root": "just-fall",
		"file": "index.html",
		"img": "unnamed.png"
	},
	{
		"name": "Kitchen gun game",
		"root": "kitchen-gun-game",
		"file": "index.html",
		"img": "splash.png"
	},
	{
		"name": "Kitten Cannon",
		"root": "kittencannon",
		"file": "index.html",
		"img": "kittencannon.png"
	},
	{
		"name": "Knife Master",
		"root": "knife-master",
		"file": "index.html",
		"img": "512x512.jpg"
	},
	{
		"name": "Krunker",
		"root": "krunker",
		"file": "index.html",
		"img": "img/krunker-io.jpg"
	},
	{
		"name": "Learn To Fly",
		"root": "learntofly",
		"file": "index.html",
		"img": "learntofly.png"
	},
	{
		"name": "Learn To Fly 3",
		"root": "ltf3",
		"file": "index.html",
		"img": "logo.png"
	},
	{
		"name": "Learn To Fly IDLE",
		"root": "ltf-idle",
		"file": "index.html",
		"img": "thumbnail.jpg"
	},
	{
		"name": "Learn to fly 2",
		"root": "learntofly2",
		"file": "index.html",
		"img": "learn-to-fly-2.jpg"
	},
	{
		"name": "Level 13",
		"root": "level13",
		"file": "index.html",
		"img": "thumb.png"
	},
	{
		"name": "Line rider",
		"root": "linerider",
		"file": "linerider.html",
		"img": "6954B825-C61C-41E0-BFD9-7EA4FC6D0FE1.jpeg"
	},
	{
		"name": "Madalin Stunt Cars 2",
		"root": "madalin-stunt-cars-2",
		"file": "index.html",
		"img": "img/logo.jpg"
	},
	{
		"name": "Madalin Stunt Cars 3",
		"root": "madalin-stunt-cars-3",
		"file": "index.html",
		"img": "img/index.jpg"
	},
	{
		"name": "Mario",
		"root": "mario",
		"file": "index.html",
		"img": "Theme/Mario.gif"
	},
	{
		"name": "Marvin Spectrum",
		"root": "marvinspectrum",
		"file": "index.html",
		"img": "marvinspectrum.png"
	},
	{
		"name": "Matrix Rampage",
		"root": "matrixrampage",
		"file": "index.html",
		"img": "matrixrampage.jpg"
	},
	{
		"name": "Meme 2048",
		"root": "meme2048",
		"file": "index.html",
		"img": "img/rickroll.gif"
	},
	{
		"name": "Merge Round Racers",
		"root": "merge-round-racers",
		"file": "index.html",
		"img": "splash.png"
	},
	{
		"name": "Mindustry Classic",
		"root": "mindustry",
		"file": "index.html",
		"img": "splash.png"
	},
	{
		"name": "Mine Blocks",
		"root": "mineblocks",
		"file": "index.html",
		"img": "splash.png"
	},
	{
		"name": "Minecraft Classic",
		"root": "minecraft-classic",
		"file": "index.html",
		"img": "pack.png"
	},
	{
		"name": "FSUCraft",
		"root": "fsucraft",
		"file": "index.html",
		"img": "notexist.png"
	},
	{
		"name": "Minecraft Classic Hacks",
		"root": "minecraftbeta",
		"file": "index.html",
		"img": "bg_main.png"
	},
	{
		"name": "Minesweeper",
		"root": "minesweeper",
		"file": "index.html",
		"img": "img/minesweeper.png"
	},
	{
		"name": "Mini-putt",
		"root": "miniputt",
		"file": "index.html",
		"img": "miniputt.png"
	},
	{
		"name": "Missiles",
		"root": "missiles",
		"file": "index.html",
		"img": "miss.png"
	},
	{
		"name": "Monster Tracks",
		"root": "monster-tracks",
		"file": "index.html",
		"img": "thumb.jpg"
	},
	{
		"name": "MotoX3M",
		"root": "motox3m",
		"file": "index.html",
		"img": "splash.jpg"
	},
	{
		"name": "MotoX3M 2",
		"root": "motox3m2",
		"file": "index.html",
		"img": "splash.jpg"
	},
	{
		"name": "MotoX3M Pool",
		"root": "motox3m-pool",
		"file": "index.html",
		"img": "splash.jpg"
	},
	{
		"name": "MotoX3M Spooky",
		"root": "motox3m-spooky",
		"file": "index.html",
		"img": "splash.jpeg"
	},
	{
		"name": "MotoX3M Winter",
		"root": "motox3m-winter",
		"file": "index.html",
		"img": "download.jpeg"
	},
	{
		"name": "My Rusty Submarine",
		"root": "my-rusty-submarine",
		"file": "index.html",
		"img": "splash.png"
	},
	{
		"name": "NS-Shaft",
		"root": "ns-shaft",
		"file": "index.html",
		"img": "favicon.png"
	},
	{
		"name": "Neon Square Resurgence",
		"root": "nsresurgence",
		"file": "index.html",
		"img": "neon.png"
	},
	{
		"name": "Ninja",
		"root": "ninja",
		"file": "index.html",
		"img": "logo1.png"
	},
	{
		"name": "Ninja vs Evil Corp",
		"root": "ninjavsevilcorp",
		"file": "index.html",
		"img": "splash.png"
	},
	{
		"name": "Noob Steve Parkour",
		"root": "noob-steve-parkour",
		"file": "index.html",
		"img": "512x512.jpg"
	},
	{
		"name": "Offline Paradise",
		"root": "OfflineParadise",
		"file": "index.html",
		"img": "assets/icon.jpeg"
	},
	{
		"name": "Om Nom Bounce",
		"root": "om-bounce",
		"file": "index.html",
		"img": "assets/icon.jpeg"
	},
	{
		"name": "OvO",
		"root": "ovo",
		"file": "index.html",
		"img": "ovo.png"
	},
	{
		"name": "Overwatch",
		"root": "overwatch",
		"file": "overwatch.html",
		"img": "98FBAD0A-F63A-46B5-81E7-0D3074D23365.jpeg"
	},
	{
		"name": "POPCAT CLASSIC",
		"root": "popcat-classic",
		"file": "index.html",
		"img": "splash.png"
	},
	{
		"name": "Pandemic 2",
		"root": "pandemic2",
		"file": "index.html",
		"img": "pandemic2.png"
	},
	{
		"name": "Papa's Burgeria",
		"root": "papasburgeria",
		"file": "index.html",
		"img": "splash.jpg"
	},
	{
		"name": "Papa's Pizzaria",
		"root": "papaspizzaria",
		"file": "index.html",
		"img": "papaspizzaria.jpg"
	},
	{
		"name": "Papa's Scooperia",
		"root": "scooperia",
		"file": "index.html",
		"img": "scoop.png"
	},
	{
		"name": "Paper.io 2",
		"root": "paperio2",
		"file": "index.html",
		"img": "images/icon512.png"
	},
	{
		"name": "Papery Planes",
		"root": "papery-planes",
		"file": "index.html",
		"img": "splash.jpg"
	},
	{
		"name": "Particle Clicker",
		"root": "particle-clicker",
		"file": "index.html",
		"img": "assets/mobile/original.png"
	},
	{
		"name": "Pixel Gun Survival",
		"root": "pixel-gun-survival",
		"file": "index.html",
		"img": "512x512.png"
	},
	{
		"name": "Planet Life",
		"root": "planetlife",
		"file": "index.html",
		"img": "images/super-planetlife.gif"
	},
	{
		"name": "Plants VS Zombies",
		"root": "plants%20vs%20zombies%201",
		"file": "plants%20vs%20zombies.html",
		"img": "image_proxy.png"
	},
	{
		"name": "PolyBranch",
		"root": "polybranch",
		"file": "index.html",
		"img": "img/pic1.png"
	},
	{
		"name": "Portal (Flash)",
		"root": "portalflash",
		"file": "index.html",
		"img": "portaltheflashversion.jpg"
	},
	{
		"name": "Precision Client (Eaglercraft)",
		"root": "precision-client",
		"file": "index.html",
		"img": "logo.png"
	},
	{
		"name": "Protektor",
		"root": "protektor",
		"file": "index.html",
		"img": "splash.jpg"
	},
	{
		"name": "Push The Square",
		"root": "push-the-square",
		"file": "index.html",
		"img": "img/splash.png"
	},
	{
		"name": "Push Your Luck",
		"root": "push-your-luck",
		"file": "index.html",
		"img": "assets/img/push.png"
	},
	{
		"name": "Rabbit Samurai",
		"root": "rabbit-samurai",
		"file": "index.html",
		"img": "splash.png"
	},
	{
		"name": "Rabbit Samurai 2",
		"root": "rabbit-samurai2",
		"file": "index.html",
		"img": "splash.png"
	},
	{
		"name": "Resent Client (Eaglercraft)",
		"root": "resent-client",
		"file": "index.html",
		"img": "splash.jpg"
	},
	{
		"name": "Retro Bowl",
		"root": "retro-bowl",
		"file": "index.html",
		"img": "img/icon.jpg"
	},
	{
		"name": "Riddle School 1",
		"root": "riddleschool",
		"file": "index.html",
		"img": "riddleschool.png"
	},
	{
		"name": "Riddle School 2",
		"root": "riddleschool2",
		"file": "index.html",
		"img": "riddleschool2.png"
	},
	{
		"name": "Riddle School 3",
		"root": "riddleschool3",
		"file": "index.html",
		"img": "riddleschool3.png"
	},
	{
		"name": "Riddle School 4",
		"root": "riddleschool4",
		"file": "index.html",
		"img": "riddleschool4.png"
	},
	{
		"name": "Riddle School 5",
		"root": "riddleschool5",
		"file": "index.html",
		"img": "riddleschool5.png"
	},
	{
		"name": "Riddle School Transfer 1",
		"root": "riddletransfer",
		"file": "index.html",
		"img": "riddletransfer.png"
	},
	{
		"name": "Riddle School Transfer 2",
		"root": "riddletransfer2",
		"file": "index.html",
		"img": "riddletransfer2.png"
	},
	{
		"name": "Roblox",
		"root": "roblox",
		"file": "index.html",
		"img": "splash.png"
	},
	{
		"name": "Robux clicker",
		"root": "robuxclicker",
		"file": "robuxclicker.html",
		"img": "1517CE7D-1708-489E-9C51-E52887A13855.jpeg"
	},
	{
		"name": "Rocket Soccer",
		"root": "Rocket-League",
		"file": "index.html",
		"img": "splash.png"
	},
	{
		"name": "Rolling Forests",
		"root": "rolling-forests",
		"file": "index.html",
		"img": "icon.png"
	},
	{
		"name": "Rolly Vortex",
		"root": "rolly-vortex",
		"file": "index.html",
		"img": "icon-256.png"
	},
	{
		"name": "Rooftop Snipers",
		"root": "rooftop-snipers",
		"file": "index.html",
		"img": "img/preview.png"
	},
	{
		"name": "Ruffle Emulator",
		"root": "ruffle",
		"file": "index.html",
		"img": "splash.png"
	},
	{
		"name": "Run",
		"root": "run",
		"file": "index.html",
		"img": "run.png"
	},
	{
		"name": "Run 2",
		"root": "Run 2",
		"file": "index.html",
		"img": "run-2-logo.jpg"
	},
	{
		"name": "Run 3",
		"root": "run 3",
		"file": "Run 3.html",
		"img": "image_proxy.png"
	},
	{
		"name": "SHUTTLEDECK",
		"root": "shuttledeck",
		"file": "index.html",
		"img": "splash.png"
	},
	{
		"name": "Sand Game",
		"root": "sand-game",
		"file": "index.html",
		"img": "sand.png"
	},
	{
		"name": "Sandboxels",
		"root": "sandboxels",
		"file": "index.html",
		"img": "sandboxels.jpg"
	},
	{
		"name": "Santy is Home",
		"root": "santy-is-home",
		"file": "index.html",
		"img": "splash.png"
	},
	{
		"name": "Scrap Metal 3",
		"root": "scrapmetal",
		"file": "index.html",
		"img": "img/splash.png"
	},
	{
		"name": "Scratcharia",
		"root": "scratcharia",
		"file": "index.html",
		"img": "splash.png"
	},
	{
		"name": "Shellshockers",
		"root": "shellshockers",
		"file": "index.html",
		"img": "img/favicon.jpg"
	},
	{
		"name": "Shot in the Dark",
		"root": "shotinthedark",
		"file": "index.html",
		"img": "shot.png"
	},
	{
		"name": "Shotgun Showdown",
		"root": "shogunshowdown",
		"file": "shogunshowdown.html",
		"img": "19C0D9BB-86C1-4A65-B374-638BD25EE0FC.png"
	},
	{
		"name": "Sky Car Stunt",
		"root": "sky-car-stunt",
		"file": "index.html",
		"img": "512x512.jpg"
	},
	{
		"name": "Sleeping Beauty",
		"root": "sleepingbeauty",
		"file": "index.html",
		"img": "splash.png"
	},
	{
		"name": "Slime Rush TD",
		"root": "slime-rush-td",
		"file": "index.html",
		"img": "splash.png"
	},
	{
		"name": "Slither.io",
		"root": "slitherio",
		"file": "slitherio.html",
		"img": "7EDEF379-07A2-4604-B552-C0A3DB2D70BE.jpeg"
	},
	{
		"name": "Slope",
		"root": "slope",
		"file": "index.html",
		"img": "slope4.jpeg"
	},
	{
		"name": "Slope 2",
		"root": "slope-2",
		"file": "index.html",
		"img": "slope-2-logo.png"
	},
	{
		"name": "Slope Ball",
		"root": "slope-ball",
		"file": "index.html",
		"img": "splash.png"
	},
	{
		"name": "Smash Carts",
		"root": "smashkarts",
		"file": "index.html",
		"img": "images/icon-512.png"
	},
	{
		"name": "Smoking Barrels",
		"root": "smokingbarrels",
		"file": "index.html",
		"img": "smokingbarrels.jpg"
	},
	{
		"name": "Snowbattle",
		"root": "snowbattle",
		"file": "index.html",
		"img": "img/logo.png"
	},
	{
		"name": "Soccer Random",
		"root": "soccer-random",
		"file": "index.html",
		"img": "unnamed.png"
	},
	{
		"name": "Soccer Skills Euro Cup",
		"root": "soccer-skills",
		"file": "index.html",
		"img": "splash.png"
	},
	{
		"name": "Soilder Legend",
		"root": "soldier-legend",
		"file": "index.html",
		"img": "images/splash.jpeg"
	},
	{
		"name": "Solitare",
		"root": "solitaire",
		"file": "index.html",
		"img": "screen-shot.png"
	},
	{
		"name": "Sort The Court",
		"root": "sort-the-court",
		"file": "index.html",
		"img": "img/splash.png"
	},
	{
		"name": "Soundboard",
		"root": "soundboard",
		"file": "index.html",
		"img": "img/mlg-favicon.png"
	},
	{
		"name": "Space Company",
		"root": "space-company",
		"file": "index.html",
		"img": "Icons/SpaceCompanyFavicon.png"
	},
	{
		"name": "Space Garden",
		"root": "spacegarden",
		"file": "index.html",
		"img": "spl.png"
	},
	{
		"name": "Spelunky",
		"root": "spelunky",
		"file": "index.html",
		"img": "assets/icon.png"
	},
	{
		"name": "Stack",
		"root": "stack",
		"file": "index.html",
		"img": "stack.png"
	},
	{
		"name": "Stack Bump 3D",
		"root": "stack-bump-3d",
		"file": "index.html",
		"img": "thumbnail.jpg"
	},
	{
		"name": "Starve.io",
		"root": "starve",
		"file": "index.html",
		"img": "img/favicon.png"
	},
	{
		"name": "Station 141",
		"root": "station-141",
		"file": "index.html",
		"img": "75wxYs.png"
	},
	{
		"name": "Stealing The Diamond",
		"root": "stealingthediamond",
		"file": "index.html",
		"img": "stealingthediamond.jpg"
	},
	{
		"name": "Stick Archers",
		"root": "stick-archers",
		"file": "index.html",
		"img": "splash.jpg"
	},
	{
		"name": "Stick Duel Battle",
		"root": "stick-duel-battle",
		"file": "index.html",
		"img": "512x512.jpg"
	},
	{
		"name": "Stick Merge",
		"root": "stick-merge",
		"file": "index.html",
		"img": "splash.png"
	},
	{
		"name": "Stick War",
		"root": "stickwar",
		"file": "index.html",
		"img": "stickwar.jpg"
	},
	{
		"name": "Stickman Boost",
		"root": "stickman-boost",
		"file": "index.html",
		"img": "base/img1.jpg"
	},
	{
		"name": "Stickman Golf",
		"root": "stickman-golf",
		"file": "index.html",
		"img": "splash.png"
	},
	{
		"name": "Stickman Hook",
		"root": "stickman-hook",
		"file": "index.html",
		"img": "unnamed.jpg"
	},
	{
		"name": "Stickman Survival",
		"root": "Stickman-Survival",
		"file": "index.html",
		"img": "Icon.png"
	},
	{
		"name": "Storm The House 2",
		"root": "stormthehouse2",
		"file": "index.html",
		"img": "stormthehouse2.jpg"
	},
	{
		"name": "Subway Surfers",
		"root": "subway-surfers",
		"file": "index.html",
		"img": "img/splash.jpg"
	},
	{
		"name": "Subway Surfers New York",
		"root": "subway-surfers-ny",
		"file": "index.html",
		"img": "NewYorkIcon.png"
	},
	{
		"name": "Super Fowlist",
		"root": "superfowlist",
		"file": "index.html",
		"img": "fowlist.png"
	},
	{
		"name": "Super Mario 64",
		"root": "sm64",
		"file": "index.html",
		"img": "logo.png"
	},
	{
		"name": "Super Mario Constuct",
		"root": "supermarioconstruct",
		"file": "index.html",
		"img": "media/icons/icon-128.png"
	},
	{
		"name": "Superhot",
		"root": "superhot",
		"file": "index.html",
		"img": "hot.jpg"
	},
	{
		"name": "Surviv.io",
		"root": "surviv",
		"file": "index.html",
		"img": "img/favicon.png"
	},
	{
		"name": "Sushi unROLL",
		"root": "sushi-unroll",
		"file": "index.html",
		"img": "favicon.png"
	},
	{
		"name": "Swerve",
		"root": "swerve",
		"file": "index.html",
		"img": "img/favicon.jpg"
	},
	{
		"name": "Synesthesia",
		"root": "synesthesia",
		"file": "index.html",
		"img": "index.splash.png"
	},
	{
		"name": "TV Static",
		"root": "tv-static",
		"file": "index.html",
		"img": "static.png"
	},
	{
		"name": "Table Tennis Ultimate",
		"root": "cnpingpong",
		"file": "index.html",
		"img": "tabletennisultimate.png"
	},
	{
		"name": "Tactical Assassin 2",
		"root": "tacticalassasin2",
		"file": "index.html",
		"img": "tacticalassassin2.png"
	},
	{
		"name": "Tactical Weapon Pack 2",
		"root": "tactical-weapon-pack-2",
		"file": "index.html",
		"img": "splash.jpg"
	},
	{
		"name": "Tank Trouble 2",
		"root": "tank-trouble-2",
		"file": "index.html",
		"img": "tank.jpeg"
	},
	{
		"name": "Tanuki Sunset",
		"root": "tanuki-sunset",
		"file": "index.html",
		"img": "img/cover.png"
	},
	{
		"name": "Temple Run 2",
		"root": "temple-run-2",
		"file": "index.html",
		"img": "img/og-icon.png"
	},
	{
		"name": "The Battle",
		"root": "thebattle",
		"file": "index.html",
		"img": "thebattle.png"
	},
	{
		"name": "The Final Earth",
		"root": "the-final-earth",
		"file": "index.html",
		"img": "images.png"
	},
	{
		"name": "The Final Earth 2",
		"root": "the-final-earth-2",
		"file": "index.html",
		"img": "thumb.png"
	},
	{
		"name": "The Heist",
		"root": "theheist",
		"file": "index.html",
		"img": "theheist.jpg"
	},
	{
		"name": "The Hotel",
		"root": "the-hotel",
		"file": "index.html",
		"img": "splash.png"
	},
	{
		"name": "There Is No Game",
		"root": "there-is-no-game",
		"file": "index.html",
		"img": "logo.png"
	},
	{
		"name": "This Is The Only Level",
		"root": "thisistheonlylevel",
		"file": "index.html",
		"img": "thisistheonlylevel.png"
	},
	{
		"name": "Throw Rocks at Shit",
		"root": "throwrocks",
		"file": "index.html",
		"img": "card.png"
	},
	{
		"name": "Tiny Fishing",
		"root": "tiny-fishing",
		"file": "index.html",
		"img": "thumb.png"
	},
	{
		"name": "Tiny Islands",
		"root": "tiny-islands",
		"file": "index.html",
		"img": "splash.png"
	},
	{
		"name": "Toss The Turtle",
		"root": "tosstheturtle",
		"file": "index.html",
		"img": "tosstheturtle.png"
	},
	{
		"name": "Townscaper",
		"root": "townscaper",
		"file": "index.html",
		"img": "img/cover.jpg"
	},
	{
		"name": "Trimps",
		"root": "Trimps",
		"file": "index.html",
		"img": "trimp.jpg"
	},
	{
		"name": "Tube Jumpers",
		"root": "tube-jumpers",
		"file": "index.html",
		"img": "img/shark.jpg"
	},
	{
		"name": "Tunnel Rush",
		"root": "tunnel-rush",
		"file": "index.html",
		"img": "img/tunnel.jpg"
	},
	{
		"name": "Twitch Tetris",
		"root": "twitch-tetris",
		"file": "index.html",
		"img": "logo.png"
	},
	{
		"name": "Unfair Mario",
		"root": "unfairmario",
		"file": "index.html",
		"img": "sus.jpg"
	},
	{
		"name": "VELOCE",
		"root": "veloce",
		"file": "index.html",
		"img": "qN6zkD.png"
	},
	{
		"name": "Vex 2",
		"root": "vex2",
		"file": "vex2.html",
		"img": "2D127E76-C80C-4E9B-AA23-BF5C1090EF36.jpeg"
	},
	{
		"name": "Vex 3",
		"root": "vex3",
		"file": "index.html",
		"img": "vex3.png"
	},
	{
		"name": "Vex 4",
		"root": "vex4",
		"file": "index.html",
		"img": "vex4.png"
	},
	{
		"name": "Vex 5",
		"root": "vex5",
		"file": "index.html",
		"img": "vex.jpeg"
	},
	{
		"name": "Vex 6",
		"root": "vex6",
		"file": "index.html",
		"img": "assets/icon.jpeg"
	},
	{
		"name": "Vex 7",
		"root": "vex7",
		"file": "index.html",
		"img": "assets/icon.jpeg"
	},
	{
		"name": "Volley Random",
		"root": "volley-random",
		"file": "index.html",
		"img": "splash.png"
	},
	{
		"name": "Wall Smash",
		"root": "wallsmash",
		"file": "index.html",
		"img": "thumb.png"
	},
	{
		"name": "Waterworks!",
		"root": "waterworks",
		"file": "index.html",
		"img": "square.png"
	},
	{
		"name": "Weave Silk",
		"root": "weavesilk",
		"file": "index.html",
		"img": "thumb.png"
	},
	{
		"name": "WebGL Fluid Sim",
		"root": "webgl-fluid-simulation",
		"file": "index.html",
		"img": "logo.png"
	},
	{
		"name": "Webretro",
		"root": "webretro",
		"file": "roms.html",
		"img": "webretro/assets/icons/icon204.png"
	},
	{
		"name": "Webxash",
		"root": "webxash",
		"file": "index.html",
		"img": "webxash.png"
	},
	{
		"name": "Win the Whitehouse",
		"root": "win-the-whitehouse",
		"file": "index.html",
		"img": "splash.png"
	},
	{
		"name": "Wolfenstein 3D",
		"root": "wolf3d",
		"file": "index.html",
		"img": "art/wolf3d.png"
	},
	{
		"name": "Wordle",
		"root": "wordle",
		"file": "index.html",
		"img": "img/logo_512x512.png"
	},
	{
		"name": "World's Hardest Game",
		"root": "worlds-hardest-game",
		"file": "index.html",
		"img": "images/splash.jpg"
	},
	{
		"name": "World's Hardest Game 2",
		"root": "worlds-hardest-game-2",
		"file": "index.html",
		"img": "the-worlds-hardest-game-2.jpg"
	},
	{
		"name": "X Trial Racing",
		"root": "x-trial-racing",
		"file": "index.html",
		"img": "splash.png"
	},
	{
		"name": "Yohoho",
		"root": "yohoho",
		"file": "index.html",
		"img": "yohoho.png"
	},
	{
		"name": "Yoshi's Fabrication Station",
		"root": "yoshifabrication",
		"file": "index.html",
		"img": "icons/icon-512.png"
	},
	{
		"name": "You Are Jeff Bezos",
		"root": "you-are-bezos",
		"file": "index.html",
		"img": "img/banner.png"
	},
	{
		"name": "Zig Zag",
		"root": "zigzag",
		"file": "zigzag.html",
		"img": "4EEE71BF-A06E-478D-B1E0-F67600291BDC.jpeg"
	},
	{
		"name": "Zombs Royale",
		"root": "zombs-royale",
		"file": "index.html",
		"img": "zomb.png"
	},
	{
		"name": "bus and subway",
		"root": "bus and subway",
		"file": "index.html",
		"img": "img.jpg"
	},
	{
		"name": "checkers",
		"root": "checkers",
		"file": "checkers.html",
		"img": "image.png"
	},
	{
		"name": "circlO",
		"root": "circlo",
		"file": "index.html",
		"img": "img/download.png"
	},
	{
		"name": "highrise hop",
		"root": "highrisehop",
		"file": "index.html",
		"img": "assets/gfx/logo.png"
	},
	{
		"name": "kirka",
		"root": "kirkaio",
		"file": "kirka.html",
		"img": "C0DADB28-2750-4DF9-9499-4BB61119877D.jpeg"
	},
	{
		"name": "mcje (IE ONLY!)",
		"root": "mcje",
		"file": "Mine.html",
		"img": "C1B5E635-A242-4D0F-8524-DE4B5164F534.jpeg"
	},
	{
		"name": "n-gon",
		"root": "n-gon",
		"file": "index.html",
		"img": "bot.png"
	},
	{
		"name": "osu!",
		"root": "osu!",
		"file": "index.html",
		"img": "osu.png"
	},
	{
		"name": "piclient",
		"root": "piclient",
		"file": "piclient.html",
		"img": "B969467B-2495-4872-A739-B6ECA873FF5A.jpeg"
	},
	{
		"name": "station meltdown",
		"root": "stationmeltdown",
		"file": "index.html",
		"img": "image.png"
	},
	{
		"name": "super otto pets",
		"root": "superautopets",
		"file": "index.html",
		"img": "image.png"
	},
	{
		"name": "xx142-b2exe",
		"root": "xx142-b2exe",
		"file": "index.html",
		"img": "splash.png"
	}
]
